day,start_datetime,end_datetime,id,score,groups,name,location,description,duration,category,people
Fri,2023-09-01 00:00:00,2023-09-02 00:00:00,stress,5.0,,stress,,,1 days 00:00:00,scores,
Fri,2023-09-01 00:00:00,2023-09-01 06:00:00,sleep,,,sleep,,,0 days 06:00:00,sleep,
Fri,2023-09-01 00:00:00,2023-09-02 00:00:00,energy,6.0,,energy,,,1 days 00:00:00,scores,
Fri,2023-09-01 00:00:00,2023-09-02 00:00:00,mood,5.0,,mood,,,1 days 00:00:00,scores,
Fri,2023-09-01 01:15:00,2023-09-01 02:30:00,class,,"['classes', 'school']",Class,Hudson Hall,Class.,0 days 01:15:00,scheduled,
Fri,2023-09-01 07:15:00,2023-09-01 11:15:00,elbow_pain,,"['discomfort', 'elbow', 'arm', 'health']",elbow pain,,"Len feels pain on the outer part of the elbow,  especially when twisting or extending his arm.
",0 days 04:00:00,sensations,
Fri,2023-09-01 08:00:00,2023-09-01 08:30:00,breakfast,,,breakfast,,,0 days 00:30:00,meals,
Fri,2023-09-01 12:00:00,2023-09-01 12:30:00,lunch,,,lunch,,,0 days 00:30:00,meals,
Fri,2023-09-01 17:30:00,2023-09-01 18:00:00,dinner,,,dinner,,,0 days 00:30:00,meals,
Fri,2023-09-01 18:00:00,2023-09-01 20:00:00,practice_prec2,,"['basketball team', 'exercise']",Practice Prec2,The K Center,Practice for the Duke basketball team.,0 days 02:00:00,scheduled,
Fri,2023-09-01 19:30:00,2023-09-01 20:30:00,stomach_ache,,"['discomfort', 'stomach', 'health']",stomach ache,,"Mild stomach ache.
",0 days 01:00:00,sensations,
Sat,2023-09-02 00:00:00,2023-09-02 06:00:00,sleep,,,sleep,,,0 days 06:00:00,sleep,
Sat,2023-09-02 00:00:00,2023-09-03 00:00:00,mood,5.0,,mood,,,1 days 00:00:00,scores,
Sat,2023-09-02 00:00:00,2023-09-03 00:00:00,energy,6.0,,energy,,,1 days 00:00:00,scores,
Sat,2023-09-02 00:00:00,2023-09-03 00:00:00,stress,7.0,,stress,,,1 days 00:00:00,scores,
Sat,2023-09-02 00:16:00,2023-09-02 00:46:00,walking,,"['nature', 'exercise']",Walking,Duke Gardens,Going for a walk at Duke Gardens.,0 days 00:30:00,unscheduled,
Sat,2023-09-02 12:00:00,2023-09-02 12:30:00,lunch,,,lunch,,,0 days 00:30:00,meals,
Sat,2023-09-02 17:30:00,2023-09-02 18:00:00,dinner,,,dinner,,,0 days 00:30:00,meals,
Sat,2023-09-02 19:30:00,2023-09-02 20:30:00,stomach_ache,,"['discomfort', 'stomach', 'health']",stomach ache,,"Mild stomach ache.
",0 days 01:00:00,sensations,
Sun,2023-09-03 00:00:00,2023-09-04 00:00:00,stress,5.0,,stress,,,1 days 00:00:00,scores,
Sun,2023-09-03 00:00:00,2023-09-04 00:00:00,mood,5.0,,mood,,,1 days 00:00:00,scores,
Sun,2023-09-03 00:00:00,2023-09-04 00:00:00,energy,7.0,,energy,,,1 days 00:00:00,scores,
Sun,2023-09-03 00:00:00,2023-09-03 07:00:00,sleep,,,sleep,,,0 days 07:00:00,sleep,
Sun,2023-09-03 12:00:00,2023-09-03 12:30:00,lunch,,,lunch,,,0 days 00:30:00,meals,
Sun,2023-09-03 17:30:00,2023-09-03 18:00:00,dinner,,,dinner,,,0 days 00:30:00,meals,
Sun,2023-09-03 19:30:00,2023-09-03 20:30:00,stomach_ache,,"['discomfort', 'stomach', 'health']",stomach ache,,"Mild stomach ache.
",0 days 01:00:00,sensations,
Mon,2023-09-04 00:00:00,2023-09-05 00:00:00,stress,4.0,,stress,,,1 days 00:00:00,scores,
Mon,2023-09-04 00:00:00,2023-09-05 00:00:00,mood,5.0,,mood,,,1 days 00:00:00,scores,
Mon,2023-09-04 00:00:00,2023-09-04 07:00:00,sleep,,,sleep,,,0 days 07:00:00,sleep,
Mon,2023-09-04 00:00:00,2023-09-05 00:00:00,energy,7.0,,energy,,,1 days 00:00:00,scores,
Mon,2023-09-04 00:00:00,2023-09-05 00:00:00,hw,,"['homeworks', 'assignments', 'school']",HW,,The due day for the current homework.,1 days 00:00:00,scheduled,
Mon,2023-09-04 07:00:00,2023-09-04 08:00:00,game,,"['basketball team', 'exercise']",Game,Cameron Indoor Stadium,Game for the Duke basketball team.,0 days 01:00:00,scheduled,
Mon,2023-09-04 08:00:00,2023-09-04 08:30:00,breakfast,,,breakfast,,,0 days 00:30:00,meals,
Mon,2023-09-04 12:00:00,2023-09-04 12:30:00,lunch,,,lunch,,,0 days 00:30:00,meals,
Mon,2023-09-04 17:30:00,2023-09-04 18:00:00,dinner,,,dinner,,,0 days 00:30:00,meals,
Mon,2023-09-04 18:00:00,2023-09-04 20:00:00,practice_prec2,,"['basketball team', 'exercise']",Practice Prec2,The K Center,Practice for the Duke basketball team.,0 days 02:00:00,scheduled,
Mon,2023-09-04 19:30:00,2023-09-04 20:30:00,stomach_ache,,"['discomfort', 'stomach', 'health']",stomach ache,,"Mild stomach ache.
",0 days 01:00:00,sensations,
Tue,2023-09-05 00:00:00,2023-09-06 00:00:00,stress,7.0,,stress,,,1 days 00:00:00,scores,
Tue,2023-09-05 00:00:00,2023-09-05 06:00:00,sleep,,,sleep,,,0 days 06:00:00,sleep,
Tue,2023-09-05 00:00:00,2023-09-06 00:00:00,energy,6.0,,energy,,,1 days 00:00:00,scores,
Tue,2023-09-05 00:00:00,2023-09-06 00:00:00,mood,5.0,,mood,,,1 days 00:00:00,scores,
Tue,2023-09-05 00:16:00,2023-09-05 00:46:00,walking,,"['nature', 'exercise']",Walking,Duke Gardens,Going for a walk at Duke Gardens.,0 days 00:30:00,unscheduled,
Tue,2023-09-05 12:00:00,2023-09-05 12:30:00,lunch,,,lunch,,,0 days 00:30:00,meals,
Tue,2023-09-05 17:30:00,2023-09-05 18:00:00,dinner,,,dinner,,,0 days 00:30:00,meals,
Tue,2023-09-05 19:30:00,2023-09-05 20:30:00,stomach_ache,,"['discomfort', 'stomach', 'health']",stomach ache,,"Mild stomach ache.
",0 days 01:00:00,sensations,
Wed,2023-09-06 00:00:00,2023-09-07 00:00:00,mood,5.0,,mood,,,1 days 00:00:00,scores,
Wed,2023-09-06 00:00:00,2023-09-07 00:00:00,stress,5.0,,stress,,,1 days 00:00:00,scores,
Wed,2023-09-06 00:00:00,2023-09-07 00:00:00,energy,6.0,,energy,,,1 days 00:00:00,scores,
Wed,2023-09-06 00:00:00,2023-09-06 06:00:00,sleep,,,sleep,,,0 days 06:00:00,sleep,
Wed,2023-09-06 07:00:00,2023-09-06 08:00:00,game,,"['basketball team', 'exercise']",Game,Cameron Indoor Stadium,Game for the Duke basketball team.,0 days 01:00:00,scheduled,
Wed,2023-09-06 08:00:00,2023-09-06 08:30:00,breakfast,,,breakfast,,,0 days 00:30:00,meals,
Wed,2023-09-06 12:00:00,2023-09-06 12:30:00,lunch,,,lunch,,,0 days 00:30:00,meals,
Wed,2023-09-06 17:30:00,2023-09-06 18:00:00,dinner,,,dinner,,,0 days 00:30:00,meals,
Wed,2023-09-06 18:00:00,2023-09-06 20:00:00,practice_prec2,,"['basketball team', 'exercise']",Practice Prec2,The K Center,Practice for the Duke basketball team.,0 days 02:00:00,scheduled,
Wed,2023-09-06 19:30:00,2023-09-06 20:30:00,stomach_ache,,"['discomfort', 'stomach', 'health']",stomach ache,,"Mild stomach ache.
",0 days 01:00:00,sensations,
Thu,2023-09-07 00:00:00,2023-09-08 00:00:00,stress,7.0,,stress,,,1 days 00:00:00,scores,
Thu,2023-09-07 00:00:00,2023-09-08 00:00:00,energy,6.0,,energy,,,1 days 00:00:00,scores,
Thu,2023-09-07 00:00:00,2023-09-07 06:00:00,sleep,,,sleep,,,0 days 06:00:00,sleep,
Thu,2023-09-07 00:00:00,2023-09-08 00:00:00,mood,2.0,,mood,,,1 days 00:00:00,scores,
Thu,2023-09-07 00:16:00,2023-09-07 00:46:00,walking,,"['nature', 'exercise']",Walking,Duke Gardens,Going for a walk at Duke Gardens.,0 days 00:30:00,unscheduled,
Thu,2023-09-07 08:00:00,2023-09-07 08:30:00,breakfast,,,breakfast,,,0 days 00:30:00,meals,
Thu,2023-09-07 12:00:00,2023-09-07 12:30:00,lunch,,,lunch,,,0 days 00:30:00,meals,
Thu,2023-09-07 17:30:00,2023-09-07 18:00:00,dinner,,,dinner,,,0 days 00:30:00,meals,
Thu,2023-09-07 18:00:00,2023-09-07 20:00:00,weightlifting,,['exercise'],Weightlifting,The K Center,Weightlifting.,0 days 02:00:00,scheduled,['Tyrese']
Thu,2023-09-07 19:30:00,2023-09-07 20:30:00,stomach_ache,,"['discomfort', 'stomach', 'health']",stomach ache,,"Mild stomach ache.
",0 days 01:00:00,sensations,
Fri,2023-09-08 00:00:00,2023-09-09 00:00:00,energy,7.0,,energy,,,1 days 00:00:00,scores,
Fri,2023-09-08 00:00:00,2023-09-09 00:00:00,stress,7.0,,stress,,,1 days 00:00:00,scores,
Fri,2023-09-08 00:00:00,2023-09-08 07:00:00,sleep,,,sleep,,,0 days 07:00:00,sleep,
Fri,2023-09-08 00:00:00,2023-09-09 00:00:00,mood,5.0,,mood,,,1 days 00:00:00,scores,
Fri,2023-09-08 00:16:00,2023-09-08 00:46:00,walking,,"['nature', 'exercise']",Walking,Duke Gardens,Going for a walk at Duke Gardens.,0 days 00:30:00,unscheduled,
Fri,2023-09-08 01:15:00,2023-09-08 02:30:00,class,,"['classes', 'school']",Class,Hudson Hall,Class.,0 days 01:15:00,scheduled,
Fri,2023-09-08 07:00:00,2023-09-08 08:00:00,game,,"['basketball team', 'exercise']",Game,Cameron Indoor Stadium,Game for the Duke basketball team.,0 days 01:00:00,scheduled,
Fri,2023-09-08 07:15:00,2023-09-08 11:15:00,elbow_pain,,"['discomfort', 'elbow', 'arm', 'health']",elbow pain,,"Len feels pain on the outer part of the elbow,  especially when twisting or extending his arm.
",0 days 04:00:00,sensations,
Fri,2023-09-08 08:00:00,2023-09-08 08:30:00,breakfast,,,breakfast,,,0 days 00:30:00,meals,
Fri,2023-09-08 12:00:00,2023-09-08 12:30:00,lunch,,,lunch,,,0 days 00:30:00,meals,
Fri,2023-09-08 17:30:00,2023-09-08 18:00:00,dinner,,,dinner,,,0 days 00:30:00,meals,
Fri,2023-09-08 18:00:00,2023-09-08 20:00:00,practice_prec2,,"['basketball team', 'exercise']",Practice Prec2,The K Center,Practice for the Duke basketball team.,0 days 02:00:00,scheduled,
Fri,2023-09-08 19:30:00,2023-09-08 20:30:00,stomach_ache,,"['discomfort', 'stomach', 'health']",stomach ache,,"Mild stomach ache.
",0 days 01:00:00,sensations,
Sat,2023-09-09 00:00:00,2023-09-10 00:00:00,stress,5.0,,stress,,,1 days 00:00:00,scores,
Sat,2023-09-09 00:00:00,2023-09-10 00:00:00,mood,5.0,,mood,,,1 days 00:00:00,scores,
Sat,2023-09-09 00:00:00,2023-09-09 07:00:00,sleep,,,sleep,,,0 days 07:00:00,sleep,
Sat,2023-09-09 00:00:00,2023-09-10 00:00:00,energy,7.0,,energy,,,1 days 00:00:00,scores,
Sat,2023-09-09 08:00:00,2023-09-09 08:30:00,breakfast,,,breakfast,,,0 days 00:30:00,meals,
Sat,2023-09-09 12:00:00,2023-09-09 12:30:00,lunch,,,lunch,,,0 days 00:30:00,meals,
Sat,2023-09-09 17:30:00,2023-09-09 18:00:00,dinner,,,dinner,,,0 days 00:30:00,meals,
Sat,2023-09-09 19:30:00,2023-09-09 20:30:00,stomach_ache,,"['discomfort', 'stomach', 'health']",stomach ache,,"Mild stomach ache.
",0 days 01:00:00,sensations,
Sun,2023-09-10 00:00:00,2023-09-11 00:00:00,energy,6.0,,energy,,,1 days 00:00:00,scores,
Sun,2023-09-10 00:00:00,2023-09-10 06:00:00,sleep,,,sleep,,,0 days 06:00:00,sleep,
Sun,2023-09-10 00:00:00,2023-09-11 00:00:00,mood,5.0,,mood,,,1 days 00:00:00,scores,
Sun,2023-09-10 00:00:00,2023-09-11 00:00:00,stress,5.0,,stress,,,1 days 00:00:00,scores,
Sun,2023-09-10 08:00:00,2023-09-10 08:30:00,breakfast,,,breakfast,,,0 days 00:30:00,meals,
Sun,2023-09-10 12:00:00,2023-09-10 12:30:00,lunch,,,lunch,,,0 days 00:30:00,meals,
Sun,2023-09-10 17:30:00,2023-09-10 18:00:00,dinner,,,dinner,,,0 days 00:30:00,meals,
Sun,2023-09-10 19:30:00,2023-09-10 20:30:00,stomach_ache,,"['discomfort', 'stomach', 'health']",stomach ache,,"Mild stomach ache.
",0 days 01:00:00,sensations,
