category,id,start_datetime,end_datetime
calendar_events,basketball_game,2023-09-01 19:00:00,2023-09-01 22:00:00
calendar_events,class_computer_programming,2023-09-01 08:30:00,2023-09-01 09:45:00
hobbies,playing_videogames,2023-09-01 23:00:00,2023-09-01 23:45:00
hobbies,hiking,2023-09-02 09:00:00,2023-09-02 10:00:00
hobbies,playing_videogames,2023-09-02 23:00:00,2023-09-02 23:45:00
calendar_events,basketball_practice,2023-09-03 18:00:00,2023-09-03 20:00:00
hobbies,playing_videogames,2023-09-03 23:00:00,2023-09-03 23:45:00
calendar_events,basketball_practice,2023-09-04 18:00:00,2023-09-04 20:00:00
calendar_events,class_discrete_math,2023-09-04 08:30:00,2023-09-04 09:45:00
calendar_events,hw_discrete_math,2023-09-04 00:00:00,2023-09-05 00:00:00
hobbies,playing_videogames,2023-09-04 23:00:00,2023-09-04 23:45:00
calendar_events,basketball_practice,2023-09-05 18:00:00,2023-09-05 20:00:00
hobbies,playing_videogames,2023-09-05 23:00:00,2023-09-05 23:45:00
calendar_events,basketball_practice,2023-09-06 18:00:00,2023-09-06 20:00:00
calendar_events,class_discrete_math,2023-09-06 08:30:00,2023-09-06 09:45:00
hobbies,playing_videogames,2023-09-06 23:00:00,2023-09-06 23:45:00
calendar_events,basketball_practice,2023-09-07 18:00:00,2023-09-07 20:00:00
calendar_events,class_computer_programming,2023-09-07 08:30:00,2023-09-07 09:45:00
calendar_events,hw_computer_programming,2023-09-07 00:00:00,2023-09-08 00:00:00
hobbies,playing_videogames,2023-09-07 23:00:00,2023-09-07 23:45:00
calendar_events,basketball_game,2023-09-08 19:00:00,2023-09-08 22:00:00
calendar_events,class_computer_programming,2023-09-08 08:30:00,2023-09-08 09:45:00
hobbies,playing_videogames,2023-09-08 23:00:00,2023-09-08 23:45:00
hobbies,hiking,2023-09-09 09:00:00,2023-09-09 10:00:00
hobbies,playing_videogames,2023-09-09 23:00:00,2023-09-09 23:45:00
calendar_events,basketball_practice,2023-09-10 18:00:00,2023-09-10 20:00:00
hobbies,playing_videogames,2023-09-10 23:00:00,2023-09-10 23:45:00
calendar_events,basketball_practice,2023-09-11 18:00:00,2023-09-11 20:00:00
calendar_events,class_discrete_math,2023-09-11 08:30:00,2023-09-11 09:45:00
calendar_events,hw_discrete_math,2023-09-11 00:00:00,2023-09-12 00:00:00
hobbies,playing_videogames,2023-09-11 23:00:00,2023-09-11 23:45:00
calendar_events,basketball_practice,2023-09-12 18:00:00,2023-09-12 20:00:00
hobbies,playing_videogames,2023-09-12 23:00:00,2023-09-12 23:45:00
calendar_events,basketball_practice,2023-09-13 18:00:00,2023-09-13 20:00:00
calendar_events,class_discrete_math,2023-09-13 08:30:00,2023-09-13 09:45:00
hobbies,playing_videogames,2023-09-13 23:00:00,2023-09-13 23:45:00
calendar_events,basketball_practice,2023-09-14 18:00:00,2023-09-14 20:00:00
calendar_events,class_computer_programming,2023-09-14 08:30:00,2023-09-14 09:45:00
calendar_events,hw_computer_programming,2023-09-14 00:00:00,2023-09-15 00:00:00
hobbies,playing_videogames,2023-09-14 23:00:00,2023-09-14 23:45:00
sensations,elbow_pain,2023-09-14 18:00:00,2023-09-15 00:00:00
calendar_events,basketball_game,2023-09-15 19:00:00,2023-09-15 22:00:00
calendar_events,class_computer_programming,2023-09-15 08:30:00,2023-09-15 09:45:00
hobbies,playing_videogames,2023-09-15 23:00:00,2023-09-15 23:45:00
hobbies,hiking,2023-09-16 09:00:00,2023-09-16 10:00:00
hobbies,playing_videogames,2023-09-16 23:00:00,2023-09-16 23:45:00
calendar_events,basketball_practice,2023-09-17 18:00:00,2023-09-17 20:00:00
hobbies,playing_videogames,2023-09-17 23:00:00,2023-09-17 23:45:00
calendar_events,basketball_practice,2023-09-18 18:00:00,2023-09-18 20:00:00
calendar_events,class_discrete_math,2023-09-18 08:30:00,2023-09-18 09:45:00
calendar_events,hw_discrete_math,2023-09-18 00:00:00,2023-09-19 00:00:00
hobbies,playing_videogames,2023-09-18 23:00:00,2023-09-18 23:45:00
calendar_events,basketball_practice,2023-09-19 18:00:00,2023-09-19 20:00:00
hobbies,playing_videogames,2023-09-19 23:00:00,2023-09-19 23:45:00
calendar_events,basketball_practice,2023-09-20 18:00:00,2023-09-20 20:00:00
calendar_events,class_discrete_math,2023-09-20 08:30:00,2023-09-20 09:45:00
hobbies,playing_videogames,2023-09-20 23:00:00,2023-09-20 23:45:00
calendar_events,basketball_practice,2023-09-21 18:00:00,2023-09-21 20:00:00
calendar_events,class_computer_programming,2023-09-21 08:30:00,2023-09-21 09:45:00
calendar_events,hw_computer_programming,2023-09-21 00:00:00,2023-09-22 00:00:00
hobbies,playing_videogames,2023-09-21 23:00:00,2023-09-21 23:45:00
calendar_events,basketball_game,2023-09-22 19:00:00,2023-09-22 22:00:00
calendar_events,class_computer_programming,2023-09-22 08:30:00,2023-09-22 09:45:00
hobbies,playing_videogames,2023-09-22 23:00:00,2023-09-22 23:45:00
hobbies,hiking,2023-09-23 09:00:00,2023-09-23 10:00:00
hobbies,playing_videogames,2023-09-23 23:00:00,2023-09-23 23:45:00
calendar_events,basketball_practice,2023-09-24 18:00:00,2023-09-24 20:00:00
hobbies,playing_videogames,2023-09-24 23:00:00,2023-09-24 23:45:00
calendar_events,basketball_practice,2023-09-25 18:00:00,2023-09-25 20:00:00
calendar_events,class_discrete_math,2023-09-25 08:30:00,2023-09-25 09:45:00
calendar_events,hw_discrete_math,2023-09-25 00:00:00,2023-09-26 00:00:00
hobbies,playing_videogames,2023-09-25 23:00:00,2023-09-25 23:45:00
calendar_events,basketball_practice,2023-09-26 18:00:00,2023-09-26 20:00:00
hobbies,playing_videogames,2023-09-26 23:00:00,2023-09-26 23:45:00
calendar_events,basketball_practice,2023-09-27 18:00:00,2023-09-27 20:00:00
calendar_events,class_discrete_math,2023-09-27 08:30:00,2023-09-27 09:45:00
hobbies,playing_videogames,2023-09-27 23:00:00,2023-09-27 23:45:00
calendar_events,basketball_practice,2023-09-28 18:00:00,2023-09-28 20:00:00
calendar_events,class_computer_programming,2023-09-28 08:30:00,2023-09-28 09:45:00
calendar_events,hw_computer_programming,2023-09-28 00:00:00,2023-09-29 00:00:00
hobbies,playing_videogames,2023-09-28 23:00:00,2023-09-28 23:45:00
sensations,elbow_pain,2023-09-28 18:00:00,2023-09-29 00:00:00
calendar_events,basketball_game,2023-09-29 19:00:00,2023-09-29 22:00:00
calendar_events,class_computer_programming,2023-09-29 08:30:00,2023-09-29 09:45:00
hobbies,playing_videogames,2023-09-29 23:00:00,2023-09-29 23:45:00
hobbies,hiking,2023-09-30 09:00:00,2023-09-30 10:00:00
hobbies,playing_videogames,2023-09-30 23:00:00,2023-09-30 23:45:00
calendar_events,basketball_practice,2023-10-01 18:00:00,2023-10-01 20:00:00
hobbies,playing_videogames,2023-10-01 23:00:00,2023-10-01 23:45:00
calendar_events,basketball_practice,2023-10-02 18:00:00,2023-10-02 20:00:00
calendar_events,class_discrete_math,2023-10-02 08:30:00,2023-10-02 09:45:00
calendar_events,hw_discrete_math,2023-10-02 00:00:00,2023-10-03 00:00:00
hobbies,playing_videogames,2023-10-02 23:00:00,2023-10-02 23:45:00
calendar_events,basketball_practice,2023-10-03 18:00:00,2023-10-03 20:00:00
hobbies,playing_videogames,2023-10-03 23:00:00,2023-10-03 23:45:00
calendar_events,basketball_practice,2023-10-04 18:00:00,2023-10-04 20:00:00
calendar_events,class_discrete_math,2023-10-04 08:30:00,2023-10-04 09:45:00
hobbies,playing_videogames,2023-10-04 23:00:00,2023-10-04 23:45:00
calendar_events,basketball_practice,2023-10-05 18:00:00,2023-10-05 20:00:00
calendar_events,class_computer_programming,2023-10-05 08:30:00,2023-10-05 09:45:00
calendar_events,hw_computer_programming,2023-10-05 00:00:00,2023-10-06 00:00:00
hobbies,playing_videogames,2023-10-05 23:00:00,2023-10-05 23:45:00
sensations,elbow_pain,2023-10-05 18:00:00,2023-10-06 00:00:00
calendar_events,basketball_game,2023-10-06 19:00:00,2023-10-06 22:00:00
calendar_events,class_computer_programming,2023-10-06 08:30:00,2023-10-06 09:45:00
hobbies,playing_videogames,2023-10-06 23:00:00,2023-10-06 23:45:00
hobbies,hiking,2023-10-07 09:00:00,2023-10-07 10:00:00
hobbies,playing_videogames,2023-10-07 23:00:00,2023-10-07 23:45:00
calendar_events,basketball_practice,2023-10-08 18:00:00,2023-10-08 20:00:00
hobbies,playing_videogames,2023-10-08 23:00:00,2023-10-08 23:45:00
calendar_events,basketball_practice,2023-10-09 18:00:00,2023-10-09 20:00:00
calendar_events,class_discrete_math,2023-10-09 08:30:00,2023-10-09 09:45:00
calendar_events,hw_discrete_math,2023-10-09 00:00:00,2023-10-10 00:00:00
hobbies,playing_videogames,2023-10-09 23:00:00,2023-10-09 23:45:00
calendar_events,basketball_practice,2023-10-10 18:00:00,2023-10-10 20:00:00
hobbies,playing_videogames,2023-10-10 23:00:00,2023-10-10 23:45:00
calendar_events,basketball_practice,2023-10-11 18:00:00,2023-10-11 20:00:00
calendar_events,class_discrete_math,2023-10-11 08:30:00,2023-10-11 09:45:00
hobbies,playing_videogames,2023-10-11 23:00:00,2023-10-11 23:45:00
calendar_events,basketball_practice,2023-10-12 18:00:00,2023-10-12 20:00:00
calendar_events,class_computer_programming,2023-10-12 08:30:00,2023-10-12 09:45:00
calendar_events,hw_computer_programming,2023-10-12 00:00:00,2023-10-13 00:00:00
hobbies,playing_videogames,2023-10-12 23:00:00,2023-10-12 23:45:00
calendar_events,basketball_game,2023-10-13 19:00:00,2023-10-13 22:00:00
calendar_events,class_computer_programming,2023-10-13 08:30:00,2023-10-13 09:45:00
hobbies,playing_videogames,2023-10-13 23:00:00,2023-10-13 23:45:00
hobbies,hiking,2023-10-14 09:00:00,2023-10-14 10:00:00
hobbies,playing_videogames,2023-10-14 23:00:00,2023-10-14 23:45:00
calendar_events,basketball_practice,2023-10-15 18:00:00,2023-10-15 20:00:00
hobbies,playing_videogames,2023-10-15 23:00:00,2023-10-15 23:45:00
calendar_events,basketball_practice,2023-10-16 18:00:00,2023-10-16 20:00:00
calendar_events,class_discrete_math,2023-10-16 08:30:00,2023-10-16 09:45:00
calendar_events,hw_discrete_math,2023-10-16 00:00:00,2023-10-17 00:00:00
hobbies,playing_videogames,2023-10-16 23:00:00,2023-10-16 23:45:00
calendar_events,basketball_practice,2023-10-17 18:00:00,2023-10-17 20:00:00
hobbies,playing_videogames,2023-10-17 23:00:00,2023-10-17 23:45:00
calendar_events,basketball_practice,2023-10-18 18:00:00,2023-10-18 20:00:00
calendar_events,class_discrete_math,2023-10-18 08:30:00,2023-10-18 09:45:00
hobbies,playing_videogames,2023-10-18 23:00:00,2023-10-18 23:45:00
calendar_events,basketball_practice,2023-10-19 18:00:00,2023-10-19 20:00:00
calendar_events,class_computer_programming,2023-10-19 08:30:00,2023-10-19 09:45:00
calendar_events,hw_computer_programming,2023-10-19 00:00:00,2023-10-20 00:00:00
hobbies,playing_videogames,2023-10-19 23:00:00,2023-10-19 23:45:00
sensations,elbow_pain,2023-10-19 18:00:00,2023-10-20 00:00:00
calendar_events,basketball_game,2023-10-20 19:00:00,2023-10-20 22:00:00
calendar_events,class_computer_programming,2023-10-20 08:30:00,2023-10-20 09:45:00
hobbies,playing_videogames,2023-10-20 23:00:00,2023-10-20 23:45:00
hobbies,hiking,2023-10-21 09:00:00,2023-10-21 10:00:00
hobbies,playing_videogames,2023-10-21 23:00:00,2023-10-21 23:45:00
calendar_events,basketball_practice,2023-10-22 18:00:00,2023-10-22 20:00:00
hobbies,playing_videogames,2023-10-22 23:00:00,2023-10-22 23:45:00
calendar_events,basketball_practice,2023-10-23 18:00:00,2023-10-23 20:00:00
calendar_events,class_discrete_math,2023-10-23 08:30:00,2023-10-23 09:45:00
calendar_events,hw_discrete_math,2023-10-23 00:00:00,2023-10-24 00:00:00
hobbies,playing_videogames,2023-10-23 23:00:00,2023-10-23 23:45:00
calendar_events,basketball_practice,2023-10-24 18:00:00,2023-10-24 20:00:00
hobbies,playing_videogames,2023-10-24 23:00:00,2023-10-24 23:45:00
calendar_events,basketball_practice,2023-10-25 18:00:00,2023-10-25 20:00:00
calendar_events,class_discrete_math,2023-10-25 08:30:00,2023-10-25 09:45:00
hobbies,playing_videogames,2023-10-25 23:00:00,2023-10-25 23:45:00
calendar_events,basketball_practice,2023-10-26 18:00:00,2023-10-26 20:00:00
calendar_events,class_computer_programming,2023-10-26 08:30:00,2023-10-26 09:45:00
calendar_events,hw_computer_programming,2023-10-26 00:00:00,2023-10-27 00:00:00
hobbies,playing_videogames,2023-10-26 23:00:00,2023-10-26 23:45:00
sensations,elbow_pain,2023-10-26 18:00:00,2023-10-27 00:00:00
calendar_events,basketball_game,2023-10-27 19:00:00,2023-10-27 22:00:00
calendar_events,class_computer_programming,2023-10-27 08:30:00,2023-10-27 09:45:00
hobbies,playing_videogames,2023-10-27 23:00:00,2023-10-27 23:45:00
hobbies,hiking,2023-10-28 09:00:00,2023-10-28 10:00:00
hobbies,playing_videogames,2023-10-28 23:00:00,2023-10-28 23:45:00
calendar_events,basketball_practice,2023-10-29 18:00:00,2023-10-29 20:00:00
hobbies,playing_videogames,2023-10-29 23:00:00,2023-10-29 23:45:00
calendar_events,basketball_practice,2023-10-30 18:00:00,2023-10-30 20:00:00
calendar_events,class_discrete_math,2023-10-30 08:30:00,2023-10-30 09:45:00
calendar_events,hw_discrete_math,2023-10-30 00:00:00,2023-10-31 00:00:00
hobbies,playing_videogames,2023-10-30 23:00:00,2023-10-30 23:45:00
calendar_events,basketball_practice,2023-10-31 18:00:00,2023-10-31 20:00:00
hobbies,playing_videogames,2023-10-31 23:00:00,2023-10-31 23:45:00
calendar_events,basketball_practice,2023-11-01 18:00:00,2023-11-01 20:00:00
calendar_events,class_discrete_math,2023-11-01 08:30:00,2023-11-01 09:45:00
hobbies,playing_videogames,2023-11-01 23:00:00,2023-11-01 23:45:00
calendar_events,basketball_practice,2023-11-02 18:00:00,2023-11-02 20:00:00
calendar_events,class_computer_programming,2023-11-02 08:30:00,2023-11-02 09:45:00
calendar_events,hw_computer_programming,2023-11-02 00:00:00,2023-11-03 00:00:00
hobbies,playing_videogames,2023-11-02 23:00:00,2023-11-02 23:45:00
sensations,elbow_pain,2023-11-02 18:00:00,2023-11-03 00:00:00
calendar_events,basketball_game,2023-11-03 19:00:00,2023-11-03 22:00:00
calendar_events,class_computer_programming,2023-11-03 08:30:00,2023-11-03 09:45:00
hobbies,playing_videogames,2023-11-03 23:00:00,2023-11-03 23:45:00
hobbies,hiking,2023-11-04 09:00:00,2023-11-04 10:00:00
hobbies,playing_videogames,2023-11-04 23:00:00,2023-11-04 23:45:00
calendar_events,basketball_practice,2023-11-05 18:00:00,2023-11-05 20:00:00
hobbies,playing_videogames,2023-11-05 23:00:00,2023-11-05 23:45:00
calendar_events,basketball_practice,2023-11-06 18:00:00,2023-11-06 20:00:00
calendar_events,class_discrete_math,2023-11-06 08:30:00,2023-11-06 09:45:00
calendar_events,hw_discrete_math,2023-11-06 00:00:00,2023-11-07 00:00:00
hobbies,playing_videogames,2023-11-06 23:00:00,2023-11-06 23:45:00
calendar_events,basketball_practice,2023-11-07 18:00:00,2023-11-07 20:00:00
hobbies,playing_videogames,2023-11-07 23:00:00,2023-11-07 23:45:00
calendar_events,basketball_practice,2023-11-08 18:00:00,2023-11-08 20:00:00
calendar_events,class_discrete_math,2023-11-08 08:30:00,2023-11-08 09:45:00
hobbies,playing_videogames,2023-11-08 23:00:00,2023-11-08 23:45:00
calendar_events,basketball_practice,2023-11-09 18:00:00,2023-11-09 20:00:00
calendar_events,class_computer_programming,2023-11-09 08:30:00,2023-11-09 09:45:00
calendar_events,hw_computer_programming,2023-11-09 00:00:00,2023-11-10 00:00:00
hobbies,playing_videogames,2023-11-09 23:00:00,2023-11-09 23:45:00
sensations,elbow_pain,2023-11-09 18:00:00,2023-11-10 00:00:00
calendar_events,basketball_game,2023-11-10 19:00:00,2023-11-10 22:00:00
calendar_events,class_computer_programming,2023-11-10 08:30:00,2023-11-10 09:45:00
hobbies,playing_videogames,2023-11-10 23:00:00,2023-11-10 23:45:00
hobbies,hiking,2023-11-11 09:00:00,2023-11-11 10:00:00
hobbies,playing_videogames,2023-11-11 23:00:00,2023-11-11 23:45:00
calendar_events,basketball_practice,2023-11-12 18:00:00,2023-11-12 20:00:00
hobbies,playing_videogames,2023-11-12 23:00:00,2023-11-12 23:45:00
calendar_events,basketball_practice,2023-11-13 18:00:00,2023-11-13 20:00:00
calendar_events,class_discrete_math,2023-11-13 08:30:00,2023-11-13 09:45:00
calendar_events,hw_discrete_math,2023-11-13 00:00:00,2023-11-14 00:00:00
hobbies,playing_videogames,2023-11-13 23:00:00,2023-11-13 23:45:00
calendar_events,basketball_practice,2023-11-14 18:00:00,2023-11-14 20:00:00
hobbies,playing_videogames,2023-11-14 23:00:00,2023-11-14 23:45:00
calendar_events,basketball_practice,2023-11-15 18:00:00,2023-11-15 20:00:00
calendar_events,class_discrete_math,2023-11-15 08:30:00,2023-11-15 09:45:00
hobbies,playing_videogames,2023-11-15 23:00:00,2023-11-15 23:45:00
calendar_events,basketball_practice,2023-11-16 18:00:00,2023-11-16 20:00:00
calendar_events,class_computer_programming,2023-11-16 08:30:00,2023-11-16 09:45:00
calendar_events,hw_computer_programming,2023-11-16 00:00:00,2023-11-17 00:00:00
hobbies,playing_videogames,2023-11-16 23:00:00,2023-11-16 23:45:00
calendar_events,basketball_game,2023-11-17 19:00:00,2023-11-17 22:00:00
calendar_events,class_computer_programming,2023-11-17 08:30:00,2023-11-17 09:45:00
hobbies,playing_videogames,2023-11-17 23:00:00,2023-11-17 23:45:00
hobbies,hiking,2023-11-18 09:00:00,2023-11-18 10:00:00
hobbies,playing_videogames,2023-11-18 23:00:00,2023-11-18 23:45:00
calendar_events,basketball_practice,2023-11-19 18:00:00,2023-11-19 20:00:00
hobbies,playing_videogames,2023-11-19 23:00:00,2023-11-19 23:45:00
calendar_events,basketball_practice,2023-11-20 18:00:00,2023-11-20 20:00:00
calendar_events,class_discrete_math,2023-11-20 08:30:00,2023-11-20 09:45:00
calendar_events,hw_discrete_math,2023-11-20 00:00:00,2023-11-21 00:00:00
hobbies,playing_videogames,2023-11-20 23:00:00,2023-11-20 23:45:00
calendar_events,basketball_practice,2023-11-21 18:00:00,2023-11-21 20:00:00
hobbies,playing_videogames,2023-11-21 23:00:00,2023-11-21 23:45:00
calendar_events,basketball_practice,2023-11-22 18:00:00,2023-11-22 20:00:00
calendar_events,class_discrete_math,2023-11-22 08:30:00,2023-11-22 09:45:00
hobbies,playing_videogames,2023-11-22 23:00:00,2023-11-22 23:45:00
calendar_events,basketball_practice,2023-11-23 18:00:00,2023-11-23 20:00:00
calendar_events,class_computer_programming,2023-11-23 08:30:00,2023-11-23 09:45:00
calendar_events,hw_computer_programming,2023-11-23 00:00:00,2023-11-24 00:00:00
hobbies,playing_videogames,2023-11-23 23:00:00,2023-11-23 23:45:00
calendar_events,basketball_game,2023-11-24 19:00:00,2023-11-24 22:00:00
calendar_events,class_computer_programming,2023-11-24 08:30:00,2023-11-24 09:45:00
hobbies,playing_videogames,2023-11-24 23:00:00,2023-11-24 23:45:00
hobbies,hiking,2023-11-25 09:00:00,2023-11-25 10:00:00
hobbies,playing_videogames,2023-11-25 23:00:00,2023-11-25 23:45:00
calendar_events,basketball_practice,2023-11-26 18:00:00,2023-11-26 20:00:00
hobbies,playing_videogames,2023-11-26 23:00:00,2023-11-26 23:45:00
calendar_events,basketball_practice,2023-11-27 18:00:00,2023-11-27 20:00:00
calendar_events,class_discrete_math,2023-11-27 08:30:00,2023-11-27 09:45:00
calendar_events,hw_discrete_math,2023-11-27 00:00:00,2023-11-28 00:00:00
hobbies,playing_videogames,2023-11-27 23:00:00,2023-11-27 23:45:00
calendar_events,basketball_practice,2023-11-28 18:00:00,2023-11-28 20:00:00
hobbies,playing_videogames,2023-11-28 23:00:00,2023-11-28 23:45:00
calendar_events,basketball_practice,2023-11-29 18:00:00,2023-11-29 20:00:00
calendar_events,class_discrete_math,2023-11-29 08:30:00,2023-11-29 09:45:00
hobbies,playing_videogames,2023-11-29 23:00:00,2023-11-29 23:45:00
calendar_events,basketball_practice,2023-11-30 18:00:00,2023-11-30 20:00:00
calendar_events,class_computer_programming,2023-11-30 08:30:00,2023-11-30 09:45:00
calendar_events,hw_computer_programming,2023-11-30 00:00:00,2023-12-01 00:00:00
hobbies,playing_videogames,2023-11-30 23:00:00,2023-11-30 23:45:00
sensations,elbow_pain,2023-11-30 18:00:00,2023-12-01 00:00:00
calendar_events,basketball_game,2023-12-01 19:00:00,2023-12-01 22:00:00
calendar_events,class_computer_programming,2023-12-01 08:30:00,2023-12-01 09:45:00
hobbies,playing_videogames,2023-12-01 23:00:00,2023-12-01 23:45:00
hobbies,hiking,2023-12-02 09:00:00,2023-12-02 10:00:00
hobbies,playing_videogames,2023-12-02 23:00:00,2023-12-02 23:45:00
calendar_events,basketball_practice,2023-12-03 18:00:00,2023-12-03 20:00:00
hobbies,playing_videogames,2023-12-03 23:00:00,2023-12-03 23:45:00
calendar_events,basketball_practice,2023-12-04 18:00:00,2023-12-04 20:00:00
calendar_events,class_discrete_math,2023-12-04 08:30:00,2023-12-04 09:45:00
calendar_events,hw_discrete_math,2023-12-04 00:00:00,2023-12-05 00:00:00
hobbies,playing_videogames,2023-12-04 23:00:00,2023-12-04 23:45:00
calendar_events,basketball_practice,2023-12-05 18:00:00,2023-12-05 20:00:00
hobbies,playing_videogames,2023-12-05 23:00:00,2023-12-05 23:45:00
calendar_events,basketball_practice,2023-12-06 18:00:00,2023-12-06 20:00:00
calendar_events,class_discrete_math,2023-12-06 08:30:00,2023-12-06 09:45:00
hobbies,playing_videogames,2023-12-06 23:00:00,2023-12-06 23:45:00
calendar_events,basketball_practice,2023-12-07 18:00:00,2023-12-07 20:00:00
calendar_events,class_computer_programming,2023-12-07 08:30:00,2023-12-07 09:45:00
calendar_events,hw_computer_programming,2023-12-07 00:00:00,2023-12-08 00:00:00
hobbies,playing_videogames,2023-12-07 23:00:00,2023-12-07 23:45:00
sensations,elbow_pain,2023-12-07 18:00:00,2023-12-08 00:00:00
calendar_events,basketball_game,2023-12-08 19:00:00,2023-12-08 22:00:00
calendar_events,class_computer_programming,2023-12-08 08:30:00,2023-12-08 09:45:00
hobbies,playing_videogames,2023-12-08 23:00:00,2023-12-08 23:45:00
hobbies,hiking,2023-12-09 09:00:00,2023-12-09 10:00:00
hobbies,playing_videogames,2023-12-09 23:00:00,2023-12-09 23:45:00
calendar_events,basketball_practice,2023-12-10 18:00:00,2023-12-10 20:00:00
hobbies,playing_videogames,2023-12-10 23:00:00,2023-12-10 23:45:00
calendar_events,basketball_practice,2023-12-11 18:00:00,2023-12-11 20:00:00
calendar_events,class_discrete_math,2023-12-11 08:30:00,2023-12-11 09:45:00
calendar_events,hw_discrete_math,2023-12-11 00:00:00,2023-12-12 00:00:00
hobbies,playing_videogames,2023-12-11 23:00:00,2023-12-11 23:45:00
calendar_events,basketball_practice,2023-12-12 18:00:00,2023-12-12 20:00:00
hobbies,playing_videogames,2023-12-12 23:00:00,2023-12-12 23:45:00
calendar_events,basketball_practice,2023-12-13 18:00:00,2023-12-13 20:00:00
calendar_events,class_discrete_math,2023-12-13 08:30:00,2023-12-13 09:45:00
hobbies,playing_videogames,2023-12-13 23:00:00,2023-12-13 23:45:00
calendar_events,basketball_practice,2023-12-14 18:00:00,2023-12-14 20:00:00
calendar_events,class_computer_programming,2023-12-14 08:30:00,2023-12-14 09:45:00
calendar_events,hw_computer_programming,2023-12-14 00:00:00,2023-12-15 00:00:00
hobbies,playing_videogames,2023-12-14 23:00:00,2023-12-14 23:45:00
sensations,elbow_pain,2023-12-14 18:00:00,2023-12-15 00:00:00
calendar_events,basketball_game,2023-12-15 19:00:00,2023-12-15 22:00:00
calendar_events,class_computer_programming,2023-12-15 08:30:00,2023-12-15 09:45:00
hobbies,playing_videogames,2023-12-15 23:00:00,2023-12-15 23:45:00
hobbies,hiking,2023-12-16 09:00:00,2023-12-16 10:00:00
hobbies,playing_videogames,2023-12-16 23:00:00,2023-12-16 23:45:00
calendar_events,basketball_practice,2023-12-17 18:00:00,2023-12-17 20:00:00
hobbies,playing_videogames,2023-12-17 23:00:00,2023-12-17 23:45:00
calendar_events,basketball_practice,2023-12-18 18:00:00,2023-12-18 20:00:00
calendar_events,class_discrete_math,2023-12-18 08:30:00,2023-12-18 09:45:00
calendar_events,hw_discrete_math,2023-12-18 00:00:00,2023-12-19 00:00:00
hobbies,playing_videogames,2023-12-18 23:00:00,2023-12-18 23:45:00
calendar_events,basketball_practice,2023-12-19 18:00:00,2023-12-19 20:00:00
hobbies,playing_videogames,2023-12-19 23:00:00,2023-12-19 23:45:00
calendar_events,basketball_practice,2023-12-20 18:00:00,2023-12-20 20:00:00
calendar_events,class_discrete_math,2023-12-20 08:30:00,2023-12-20 09:45:00
hobbies,playing_videogames,2023-12-20 23:00:00,2023-12-20 23:45:00
calendar_events,basketball_practice,2023-12-21 18:00:00,2023-12-21 20:00:00
calendar_events,class_computer_programming,2023-12-21 08:30:00,2023-12-21 09:45:00
calendar_events,hw_computer_programming,2023-12-21 00:00:00,2023-12-22 00:00:00
hobbies,playing_videogames,2023-12-21 23:00:00,2023-12-21 23:45:00
calendar_events,basketball_game,2023-12-22 19:00:00,2023-12-22 22:00:00
calendar_events,class_computer_programming,2023-12-22 08:30:00,2023-12-22 09:45:00
hobbies,playing_videogames,2023-12-22 23:00:00,2023-12-22 23:45:00
hobbies,hiking,2023-12-23 09:00:00,2023-12-23 10:00:00
hobbies,playing_videogames,2023-12-23 23:00:00,2023-12-23 23:45:00
calendar_events,basketball_practice,2023-12-24 18:00:00,2023-12-24 20:00:00
hobbies,playing_videogames,2023-12-24 23:00:00,2023-12-24 23:45:00
calendar_events,basketball_practice,2023-12-25 18:00:00,2023-12-25 20:00:00
calendar_events,class_discrete_math,2023-12-25 08:30:00,2023-12-25 09:45:00
calendar_events,hw_discrete_math,2023-12-25 00:00:00,2023-12-26 00:00:00
hobbies,playing_videogames,2023-12-25 23:00:00,2023-12-25 23:45:00
calendar_events,basketball_practice,2023-12-26 18:00:00,2023-12-26 20:00:00
hobbies,playing_videogames,2023-12-26 23:00:00,2023-12-26 23:45:00
calendar_events,basketball_practice,2023-12-27 18:00:00,2023-12-27 20:00:00
calendar_events,class_discrete_math,2023-12-27 08:30:00,2023-12-27 09:45:00
hobbies,playing_videogames,2023-12-27 23:00:00,2023-12-27 23:45:00
calendar_events,basketball_practice,2023-12-28 18:00:00,2023-12-28 20:00:00
calendar_events,class_computer_programming,2023-12-28 08:30:00,2023-12-28 09:45:00
calendar_events,hw_computer_programming,2023-12-28 00:00:00,2023-12-29 00:00:00
hobbies,playing_videogames,2023-12-28 23:00:00,2023-12-28 23:45:00
sensations,elbow_pain,2023-12-28 18:00:00,2023-12-29 00:00:00
calendar_events,basketball_game,2023-12-29 19:00:00,2023-12-29 22:00:00
calendar_events,class_computer_programming,2023-12-29 08:30:00,2023-12-29 09:45:00
hobbies,playing_videogames,2023-12-29 23:00:00,2023-12-29 23:45:00
hobbies,hiking,2023-12-30 09:00:00,2023-12-30 10:00:00
hobbies,playing_videogames,2023-12-30 23:00:00,2023-12-30 23:45:00
calendar_events,basketball_practice,2023-12-31 18:00:00,2023-12-31 20:00:00
hobbies,playing_videogames,2023-12-31 23:00:00,2023-12-31 23:45:00
